RefDes,Type,Mid X,Mid Y,Side,Rotate,Value
C1,CAP1206,34.2 mm,7.3 mm,Top Side,180,10uF 25V
C2,CAP1206,30.31 mm,3.4 mm,Top Side,90,10uF
C3,CAP0603,27.45 mm,21.1 mm,Top Side,0,0.1uF
C4,CAP0603,19.83 mm,19.2 mm,Top Side,270,0.1uF
C5,CAP0603,18.57 mm,4.28 mm,Top Side,90,0.1uF
C6,CAP0603,21.42 mm,19.2 mm,Top Side,270,0.1uF
C7,CAP0603,20.79 mm,1.9 mm,Top Side,0,22pF
C8,CAP0603,23.96 mm,4.28 mm,Top Side,270,22pF
C9,CAP0603,18.4 mm,20.63 mm,Top Side,90,0.1uF
C10,CAP0603,8.88 mm,14.15 mm,Top Side,90,0.1uF
C11,CAP0603,6.66 mm,16.98 mm,Top Side,0,0.01uF
C12,CAP0603,6.66 mm,14.44 mm,Top Side,0,0.01uF
C13,CAP0603,6.66 mm,1.43 mm,Top Side,0,0.01uF
Status,LED0805,25.86 mm,2.7 mm,Top Side,270,
IC1,MC78L05ACHX,35.7 mm,3.4 mm,Top Side,90,
IC2,ATMEGA8/88/168,19.45 mm,11.76 mm,Top Side,90,
ISP,HDR-2X3,33.48 mm,21.04 mm,Top Side,180,
Q1,NPN,6.35 mm,21.26 mm,Top Side,90,
Q2,NPN,6.35 mm,10.15 mm,Top Side,90,
Q3,NPN,6.35 mm,5.39 mm,Top Side,90,
R1,RES0603,27.45 mm,22.37 mm,Top Side,0,10K
R2,RES0603,12.06 mm,19.33 mm,Top Side,90,10K
R3,RES0603,13.96 mm,19.33 mm,Top Side,90,10K
R4,RES0603,17.14 mm,2.54 mm,Top Side,90,510R
R5,RES0603,25.86 mm,7.3 mm,Top Side,270,510R
R6,RES0603,30.91 mm,17.29 mm,Top Side,0,4.7K
R7,RES0603,20.63 mm,21.42 mm,Top Side,180,10K
R8,RES0603,16.98 mm,20.63 mm,Top Side,90,1K
R9,RES0603,10.15 mm,14.15 mm,Top Side,270,10K
R10,RES0603,10.15 mm,16.95 mm,Top Side,270,10K NTC
R11,RES0603,8.88 mm,16.95 mm,Top Side,270,4.7K
R12,RES0603,6.66 mm,18.25 mm,Top Side,180,33K
R13,RES0603,6.66 mm,15.71 mm,Top Side,180,33K
R14,RES0603,6.66 mm,2.7 mm,Top Side,180,33K
R15,RES0603,3.81 mm,18.25 mm,Top Side,180,33K
R16,RES0603,3.81 mm,15.71 mm,Top Side,180,33K
R17,RES0603,3.81 mm,2.7 mm,Top Side,180,33K
R18,RES0603,3.81 mm,16.98 mm,Top Side,0,10K
R19,RES0603,3.81 mm,14.44 mm,Top Side,0,10K
R20,RES0603,3.81 mm,1.43 mm,Top Side,0,10K
R26,RES0603,8.88 mm,10.15 mm,Top Side,90,1K
R27,RES0603,34.27 mm,12.69 mm,Top Side,180,100R
R28,RES0603,34.27 mm,13.96 mm,Top Side,180,10K
R25,RES0603,3.81 mm,11.26 mm,Top Side,0,470R
R22,RES0603,8.88 mm,21.26 mm,Top Side,90,1K
R23,RES0603,34.27 mm,15.23 mm,Top Side,180,100R
R24,RES0603,34.27 mm,16.5 mm,Top Side,180,10K
R21,RES0603,3.81 mm,22.37 mm,Top Side,0,470R
R30,RES0603,8.88 mm,5.39 mm,Top Side,90,1K
R31,RES0603,34.27 mm,9.68 mm,Top Side,180,100R
R32,RES0603,34.27 mm,10.95 mm,Top Side,180,10K
R29,RES0603,3.81 mm,4.28 mm,Top Side,0,470R
Warn,LED0805,15.23 mm,2.7 mm,Top Side,90,
X1,NX3225SA-8MHZ,21.26 mm,4.12 mm,Top Side,0,16MHz
R33,RES0603,3.81 mm,20.15 mm,Top Side,180,100R
R34,RES0603,3.81 mm,9.04 mm,Top Side,180,100R
R35,RES0603,3.81 mm,6.5 mm,Top Side,180,100R
