RefDes,Type,Mid X,Mid Y,Side,Rotate,Value
Q1,P-MOSFET-SO8,24.13 mm,20.16 mm,Top Side,90,
Q2,N-MOSFET-SO8,8.89 mm,20.16 mm,Top Side,90,
Q3,N-MOSFET-SO8,8.89 mm,11.75 mm,Top Side,90,
Q4,N-MOSFET-SO8,8.89 mm,3.49 mm,Top Side,270,
Q5,N-MOSFET-SO8,13.97 mm,20.16 mm,Top Side,90,
Q6,N-MOSFET-SO8,13.97 mm,11.75 mm,Top Side,90,
Q7,N-MOSFET-SO8,13.97 mm,3.49 mm,Top Side,270,
Q8,N-MOSFET-SO8,19.05 mm,20.16 mm,Top Side,90,
Q9,N-MOSFET-SO8,19.05 mm,11.75 mm,Top Side,90,
Q10,N-MOSFET-SO8,19.05 mm,3.49 mm,Top Side,270,
Q11,P-MOSFET-SO8,29.21 mm,20.16 mm,Top Side,90,
Q12,P-MOSFET-SO8,34.29 mm,20.16 mm,Top Side,90,
Q13,P-MOSFET-SO8,24.13 mm,11.75 mm,Top Side,90,
Q14,P-MOSFET-SO8,29.21 mm,11.75 mm,Top Side,90,
Q15,P-MOSFET-SO8,34.29 mm,11.75 mm,Top Side,90,
Q16,P-MOSFET-SO8,24.13 mm,3.49 mm,Top Side,270,
Q17,P-MOSFET-SO8,29.21 mm,3.49 mm,Top Side,270,
Q18,P-MOSFET-SO8,34.29 mm,3.49 mm,Top Side,270,
